Participant,Gender,Consonant,Following_Vowel,Rating,Stimuli,Curvature_Degree,Curvature_Location,MCI,real_1,imag_1,mod_1,F2_mean,F3_mean,COG,Dispersion,Skewness
P1,F,sh,u,humped,shuben,0.274871981,0.48060325,2.062802034,38.23509028,-41.14497713,56.1678847,2131.348114,3225.720164,4871.64577,2184.85234,-0.373340549
P1,F,ch,u,humped,churu,0.362486985,0.422369378,2.369164942,31.94418566,-44.88495204,55.09165015,1859.989408,3089.885878,4663.879355,2337.550123,-0.201169305
P1,F,z,a,Alveolar,zadao,0.231771889,0.431957376,1.67396382,37.61440861,-44.91737816,58.58681248,2147.035116,3271.360941,6823.529829,3002.204637,-1.036736085
P1,F,s,i,Alveolar,siji,0.27405305,0.411869694,2.790135903,28.57107249,-53.92249396,61.0241062,2028.537938,3180.709731,6965.161599,2877.645257,-0.966005135
P1,F,ch,i,humped,chifan,0.29940622,0.540514783,2.597467147,32.72798006,-45.66118966,56.17886542,2251.633316,3565.240257,4752.47904,1999.71919,-0.316171139
P1,F,c,i,Alveolar,ciya,0.24145504,0.427705489,1.945201764,38.39591903,-43.0308705,57.67063737,2119.948306,3255.062912,6728.678689,2775.209207,-0.78424828
P1,F,sh,i,humped,shibai,0.343199564,0.354590056,2.374097929,27.47627574,-50.43172898,57.43087164,2124.043727,3545.208565,4969.428565,1841.738287,0.13362421
P1,F,z,i,Alveolar,ziben,0.263572646,0.485338276,1.973645301,33.674509,-48.23457164,58.82640952,2138.769105,3231.931341,6167.120412,3213.63317,-0.596391851
P1,F,zh,a,humped,zhadui,0.295262403,0.378850009,2.587572987,34.28957675,-31.39862164,46.49353196,2350.100696,3617.897696,4917.283931,2067.767406,0.016652077
P1,F,ch,a,humped,chaqu,0.29044628,0.395884077,2.213121884,26.53181651,-56.50517456,62.42413026,2110.275159,2630.61116,2591.643341,2254.272596,1.412801471
P1,F,s,a,Alveolar,sahuang,0.239994469,0.492376718,1.777735027,27.37242294,-58.99857202,65.03907317,2210.659894,3040.297004,7308.228607,2696.354604,-1.426566183
P1,F,c,a,Alveolar,cayao,0.249222914,0.46543508,1.600645349,32.50234987,-53.69533845,62.76617017,2060.303026,2787.63947,3408.898681,2653.927841,0.82378049
P1,F,sh,a,humped,shafa,0.319495343,0.456420197,2.487098666,23.92183538,-56.67070247,61.51278506,2326.825572,3246.264512,4913.633011,2339.725002,0.069046261
P1,F,zh,u,humped,zhurou,0.387978382,0.371620423,3.613453146,28.33313162,-48.79193177,56.42179502,1829.987451,2954.238395,5320.17448,2491.100064,-0.769429196
P1,F,zh,i,humped,zhidao,0.289979954,0.391252883,2.566912554,32.62257091,-47.95442845,57.99878741,2255.638676,3686.186171,4558.968218,2593.848455,0.160370739
P1,F,z,u,Alveolar,zufang,0.30766752,0.542994254,2.198619348,32.39643586,-50.62599455,60.10424595,2263.412355,3256.233027,4624.034515,3034.294537,-0.00941434
P1,F,c,u,Alveolar,cuxin,0.266139532,0.417014559,2.095556944,28.99186083,-57.0772488,64.01828118,1993.294293,3092.923848,3620.088107,2583.317123,0.520834564
P1,F,s,u,Alveolar,suxing,0.314319506,0.56356247,2.301168607,29.67339576,-54.98546581,62.48129213,2065.378002,3169.304986,5942.330481,2561.705943,-0.534858486
P2,M,sh,u,humped,shuben,0.349566859,0.457084814,2.158227015,22.70366576,-57.42302564,61.74836283,2329.7064,3284.544784,4782.353918,2446.774348,0.247245616
P2,M,ch,u,humped,churu,0.343960459,0.452449685,2.32002347,24.69593107,-54.82034614,60.12619531,2154.624443,3162.635013,4110.079844,2627.531622,0.251976527
P2,M,z,a,Alveolar,zadao,0.306388979,0.609384026,2.337062403,20.58900583,-61.83101947,65.16887394,2138.596789,3307.820815,6666.305173,3057.836289,-1.012726937
P2,M,s,i,Alveolar,siji,0.34264102,0.550296543,2.0119214,3.777668915,-65.82400738,65.93231932,2166.250392,3270.061348,6610.191912,2453.370023,-1.049365719
P2,M,ch,i,humped,chifan,0.311314155,0.490907398,2.204604177,27.22286479,-55.20551044,61.55268273,2647.523592,3296.88645,4421.122644,2068.544976,0.274539308
P2,M,c,i,Alveolar,ciya,0.30734502,0.58848253,2.079184549,19.29226929,-61.28888945,64.25355729,1985.103289,3207.388177,6264.591328,2689.187587,-0.956325261
P2,M,sh,i,humped,shibai,0.331540267,0.455818178,2.257779737,26.48066245,-55.2152769,61.236854,2682.755707,3476.606723,4687.926688,1827.35549,0.377663545
P2,M,z,i,Alveolar,ziben,0.376239024,0.546489338,1.922646471,8.035517772,-61.69590397,62.21699216,1916.416309,3124.032012,6273.158035,3059.681375,-0.866728846
P2,M,zh,a,humped,zhadui,0.264590412,0.437981709,2.537928512,29.41321481,-53.3335262,60.90650395,2098.655996,3156.754097,4118.115083,2538.862237,0.162736862
P2,M,ch,a,humped,chaqu,0.334482478,0.45055149,2.283963778,17.86814961,-61.49583612,64.03911797,1941.971702,3029.454253,2287.868312,2079.741773,1.641020135
P2,M,s,a,Alveolar,sahuang,0.341215472,0.606571216,3.32816503,-4.984922334,-61.3853359,61.58740873,2074.195145,3096.912154,7123.952037,2529.253301,-1.245148943
P2,M,c,a,Alveolar,cayao,0.347885037,0.61731911,2.873708899,4.218787118,-60.04462791,60.19265326,1999.786441,3155.268406,5834.267607,3053.72948,-0.711581386
P2,M,sh,a,humped,shafa,0.314672972,0.458524686,1.861716345,22.34305368,-59.24322206,63.31643868,2471.71384,3406.138337,4696.058524,2185.859296,-0.165373826
P2,M,zh,u,humped,zhurou,0.352822708,0.44725164,2.406299617,25.79884659,-54.2477067,60.06991067,2498.291521,3382.684095,4792.855022,2633.199652,-0.174559868
P2,M,zh,i,humped,zhidao,0.369651028,0.407758989,2.081787293,21.54473964,-57.94763841,61.82317206,2700.552747,3394.377904,4375.187023,1919.49405,0.672872817
P2,M,z,u,Alveolar,zufang,0.335424063,0.677877962,2.781595093,-2.481860172,-60.2648247,60.31590774,2295.599325,3516.702687,6071.378576,2864.836273,-0.743753822
P2,M,c,u,Alveolar,cuxin,0.322891615,0.586922182,2.982931027,5.154076777,-54.63177404,54.87435869,2372.25225,3656.419012,5398.383637,2918.432572,-0.386872922
P2,M,s,u,Alveolar,suxing,0.30678919,0.545028038,3.113245372,6.611825452,-54.83281871,55.23001217,2161.014668,3442.173878,6241.868075,2927.269159,-0.70586637
P3,F,sh,u,humped,shuben,0.261073356,0.629264884,2.301192937,15.65345221,-67.48814544,69.27972532,2285.375134,3115.501929,5656.458588,2859.238172,-0.437834372
P3,F,ch,u,humped,churu,0.276722479,0.612111914,2.228537768,15.7913476,-57.19403032,59.33400174,2003.399834,3065.401528,4350.895349,2943.096835,0.213954798
P3,F,z,a,Alveolar,zadao,0.273142334,0.517588832,2.035472393,10.81110099,-66.84090618,67.70957571,2220.984123,3113.343973,7202.745993,2808.465577,-1.202936131
P3,F,s,i,Alveolar,siji,0.256294919,0.538133257,1.903297755,4.36169797,-69.17780432,69.31517164,2241.998746,3247.80659,7276.985298,3062.393012,-1.333528249
P3,F,ch,i,humped,chifan,0.223980627,0.378623391,1.779386352,37.40830152,-43.94133298,57.70807367,2476.532928,3033.13726,5207.996232,2851.832809,-0.131730999
P3,F,c,i,Alveolar,ciya,0.281525272,0.561402643,2.70176766,-7.756678745,-66.48431144,66.93526524,2217.547903,3115.357767,6536.859237,3133.618295,-0.871583063
P3,F,sh,i,humped,shibai,0.296033564,0.609566913,2.170978618,19.32206028,-58.57151758,61.67628949,2502.144802,2964.259241,5326.634631,2468.957316,-0.011617349
P3,F,z,i,Alveolar,ziben,0.234973976,0.530139255,1.759729017,2.268563836,-70.41954455,70.45607593,1993.853069,2992.949074,6158.968563,3220.810762,-0.635468848
P3,F,zh,a,humped,zhadui,0.202030458,0.360034821,1.645365226,39.25213603,-39.71719804,55.84071993,2230.512176,2946.330798,4070.529786,2747.091014,0.50572429
P3,F,ch,a,humped,chaqu,0.268977837,0.493574628,2.045325882,17.33735662,-64.48007075,66.77022883,2259.495579,3003.395244,3437.033885,2690.230895,0.821111726
P3,F,s,a,Alveolar,sahuang,0.267538712,0.581600176,2.440870345,-7.757269064,-66.74945564,67.19869829,2118.488006,3084.018425,8323.145932,1880.193188,-2.661277639
P3,F,c,a,Alveolar,cayao,0.235111384,0.590255469,1.89384019,-7.684855806,-63.71606713,64.17783277,2023.158733,3018.75658,3158.45602,2648.855416,0.833270535
P3,F,sh,a,humped,shafa,0.230462244,0.494433437,1.871033525,29.6479594,-59.42757817,66.41263843,2546.447491,3145.700548,5773.818752,2853.648103,-0.488312722
P3,F,zh,u,humped,zhurou,0.217923035,0.556930402,1.908451739,38.43970515,-37.29178181,53.55639945,2021.272173,3066.609735,5574.395011,2633.419566,-0.428023785
P3,F,zh,i,humped,zhidao,0.250364928,0.530630315,1.930184435,37.18676837,-43.109893,56.93257957,2600.868666,3207.230947,5679.82144,2598.788864,-0.184140338
P3,F,z,u,Alveolar,zufang,0.297208348,0.557276308,2.64225936,-8.029016055,-67.05536843,67.53434336,2082.560725,3335.751579,5861.667517,3208.654409,-0.383778981
P3,F,c,u,Alveolar,cuxin,0.312840394,0.660124924,3.682598129,-4.748848563,-60.39255951,60.57897991,1993.682878,3242.556331,5586.193957,3123.877848,-0.323308261
P3,F,s,u,Alveolar,suxing,0.284190279,0.624136748,2.542181458,-14.53340812,-62.07895965,63.75748727,1937.393585,3270.172794,6845.981679,2966.109982,-1.009525317
P4,F,sh,u,humped,shuben,0.303061362,0.40340323,2.524631104,21.03532248,-59.52598176,63.13340872,2285.325761,3023.870729,3568.414075,2171.376723,0.546643408
P4,F,ch,u,humped,churu,0.298078095,0.284426373,2.003462535,33.94378049,-42.76980296,54.60252998,2043.612474,3011.446431,3745.034024,2491.5816,0.501636891
P4,F,z,a,Alveolar,zadao,0.264660109,0.52032738,1.552984629,30.87985505,-52.53213378,60.93595431,2038.859059,3161.115651,6086.909231,2718.023046,-0.373505439
P4,F,s,i,Alveolar,siji,0.259133992,0.358937606,1.904206441,32.26587929,-48.61049901,58.34438774,2268.145317,3256.936837,6610.864689,2841.82063,-0.873166839
P4,F,ch,i,humped,chifan,0.358761134,0.329220053,2.7826614,29.92574721,-46.94886537,55.67536534,2421.826638,3070.805571,3736.218955,1711.610769,0.883958974
P4,F,c,i,Alveolar,ciya,0.281143038,0.401236558,1.656945504,26.97002537,-57.22217842,63.25946548,2137.694681,3076.817424,6290.285702,3250.466623,-0.539827602
P4,F,sh,i,humped,shibai,0.321250733,0.377021585,2.703548171,31.33161725,-46.78034488,56.30338273,2475.407408,3409.644632,4074.393275,1952.068592,0.391033156
P4,F,z,i,Alveolar,ziben,0.308746834,0.468030093,1.90098095,33.50943845,-45.0413716,56.1391808,2010.77386,3096.996474,6360.603926,3110.857572,-0.533609041
P4,F,zh,a,humped,zhadui,0.308627526,0.283166534,2.310299854,34.07966991,-30.75434447,45.90483205,2153.303512,3221.117741,4270.598689,2152.319634,0.257628224
P4,F,ch,a,humped,chaqu,0.376812745,0.328347264,2.543206947,27.01999743,-50.19404314,57.00458077,2045.762495,3110.722372,2885.317216,2470.201278,1.022168697
P4,F,s,a,Alveolar,sahuang,0.2438866,0.500674913,1.776951639,33.55891534,-53.85330134,63.45375374,2280.03354,3304.688615,6136.496031,3042.126759,-0.647536331
P4,F,c,a,Alveolar,cayao,0.255162229,0.536138333,2.282985825,24.39938395,-56.84245504,61.85785829,2034.988413,2882.808302,3565.471955,3229.119345,0.516888273
P4,F,sh,a,humped,shafa,0.333802869,0.30211274,2.887193905,32.71486987,-41.60522023,52.926903,2378.211861,3280.454626,4906.584748,2259.545311,0.248555745
P4,F,zh,u,humped,zhurou,0.390777567,0.248406331,3.000972895,32.24627304,-39.77274755,51.20247623,2119.547152,2991.447146,4284.275977,2465.725508,0.424856959
P4,F,zh,i,humped,zhidao,0.375331179,0.334466823,2.918019891,32.60156087,-40.18384863,51.74556465,2403.094166,3222.595991,4414.9486,2134.847797,0.329862114
P4,F,z,u,Alveolar,zufang,0.279004563,0.501815616,2.516818123,37.68322712,-41.98444806,56.41559611,2072.793512,3073.180488,6280.909644,2698.024257,-1.100496992
P4,F,c,u,Alveolar,cuxin,0.299956772,0.469255257,2.450905332,33.83282574,-45.57001945,56.75638088,2227.010728,3346.736325,5500.353013,2855.273906,-0.378481207
P4,F,s,u,Alveolar,suxing,0.272485492,0.525851316,2.112510943,32.99704462,-51.92463955,61.52213541,2339.999776,3337.056833,6775.233195,2124.783696,-1.414548017
P5,F,sh,u,humped,shuben,0.415717806,0.328357108,2.491853009,32.80436089,-37.79451834,50.0454964,2140.631834,3023.234261,3354.737367,2597.278354,0.640063029
P5,F,ch,u,humped,churu,0.414526201,0.4444666,2.662159978,27.02289293,-47.55486464,54.69645229,2118.484433,3070.288583,4475.137671,2608.006395,0.07658038
P5,F,z,a,Alveolar,zadao,0.313374274,0.472044751,2.06145432,34.84766935,-45.46893236,57.28685599,2050.911518,2978.715148,6110.464417,3347.864879,-0.595779007
P5,F,s,i,Alveolar,siji,0.3598863,0.50163143,2.538086354,31.86029144,-47.8130218,57.45575014,2297.813924,3212.870682,6180.383254,3351.825003,-0.702850797
P5,F,ch,i,humped,chifan,0.375910101,0.346536953,3.070519175,33.88386634,-40.46820211,52.78060042,2328.312577,3070.45079,3796.895157,2420.897495,0.570715067
P5,F,c,i,Alveolar,ciya,0.301008657,0.436557328,2.003230009,28.83596502,-50.26130465,57.9457645,2157.64815,2988.246081,6427.537386,3305.240656,-0.803829913
P5,F,sh,i,humped,shibai,0.388105721,0.380576133,2.297204144,30.03106285,-45.52041063,54.53414086,2308.767078,3095.337143,3693.083104,2261.765471,0.759573516
P5,F,z,i,Alveolar,ziben,0.327072492,0.543897427,3.010951358,32.65269772,-44.60936148,55.28285268,2344.111972,3334.751448,5741.5537,3709.47923,-0.502632895
P5,F,zh,a,humped,zhadui,0.40470215,0.330518148,2.14440694,26.72924031,-49.73831788,56.46549879,2208.773393,2939.356162,4266.867375,2865.636778,0.213987312
P5,F,ch,a,humped,chaqu,0.362118106,0.311692469,2.250836572,32.98377053,-40.11557099,51.93446018,2097.49752,2745.469202,2962.293022,2535.547757,0.849698526
P5,F,s,a,Alveolar,sahuang,0.271383137,0.496095794,2.166297717,37.02507054,-42.03029704,56.01251394,2237.403464,3215.820868,5654.425056,3735.02576,-0.476749437
P5,F,c,a,Alveolar,cayao,0.308667176,0.407580674,3.99620855,38.35579642,-39.70407954,55.2049006,2171.748794,3042.298988,5598.853791,3444.995084,-0.428916055
P5,F,sh,a,humped,shafa,0.394588423,0.376419902,2.44653724,32.00728684,-43.48396474,53.99371816,2233.20469,2949.499992,4224.58743,2549.527162,0.290798855
P5,F,zh,u,humped,zhurou,0.385249891,0.387246662,2.73715812,32.57625986,-38.38088237,50.34187956,2228.768231,3137.666884,4110.607832,2653.236111,0.090594283
P5,F,zh,i,humped,zhidao,0.37950652,0.345778931,2.484183566,29.79879055,-44.44310887,53.50848386,2348.387007,2932.865439,3814.98225,2413.380576,0.381292782
P5,F,z,u,Alveolar,zufang,0.348201679,0.665537608,3.255225563,42.79619304,-32.82580754,53.93558917,2105.264799,3188.659142,4843.208774,2938.489249,-0.060801408
P5,F,c,u,Alveolar,cuxin,0.236905124,0.742310762,4.188942322,35.74446362,-42.47932012,55.51719839,2024.042537,3046.812092,5913.067819,3193.721788,-0.494556623
P5,F,s,u,Alveolar,suxing,0.347051042,0.402925333,2.853827598,36.53439254,-44.95816829,57.93098251,2155.717646,3242.312917,5923.605815,3286.558127,-0.727462129
P6,F,sh,u,humped,shuben,0.299390784,0.608804396,2.501655045,18.6697406,-57.34994611,60.3123166,2346.875072,3241.108957,4812.604455,2849.569176,0.244697836
P6,F,ch,u,humped,churu,0.315591713,0.54440685,2.147560714,19.89793626,-61.18790304,64.34195634,2125.744732,3131.438949,4026.714961,2949.336531,0.395174836
P6,F,z,a,Alveolar,zadao,0.269604909,0.606163047,1.924660523,37.59573915,-46.91212557,60.11810982,2266.932142,3147.695023,5194.17904,3392.708655,-0.253938097
P6,F,s,i,Alveolar,siji,0.25882885,0.631259114,2.001860372,28.7085638,-42.8544485,51.58183199,2132.223043,2996.387946,5635.838803,3317.540533,-0.349660935
P6,F,ch,i,humped,chifan,0.255368576,0.452987298,2.010812961,26.79168106,-58.25884572,64.12399925,2271.32996,3210.075688,5177.766888,2587.89762,-0.097301354
P6,F,c,i,Alveolar,ciya,0.242799187,0.485647406,1.580622769,14.31040687,-67.3768631,68.87981872,2089.971702,3130.43346,6554.354852,3372.334429,-0.873905333
P6,F,sh,i,humped,shibai,0.225115507,0.515016908,1.686144697,33.89593634,-47.98651906,58.75066393,2520.383565,3359.737863,5400.045555,2267.211195,-0.094864304
P6,F,z,i,Alveolar,ziben,0.337167753,0.572158457,2.26752121,-4.06111488,-65.38445152,65.51045073,2288.901081,3254.44358,6603.676557,3617.132291,-0.964865901
P6,F,zh,a,humped,zhadui,0.310391923,0.516219446,1.80054751,12.83022321,-64.52680294,65.78999107,2306.421072,3173.760635,4566.22227,2617.598223,-0.054552447
P6,F,ch,a,humped,chaqu,0.23341735,0.304588585,2.004151023,34.31884063,-46.78988487,58.02651246,2064.408569,3058.695376,2249.526095,2171.956381,1.27949726
P6,F,s,a,Alveolar,sahuang,0.226298197,0.488962148,1.767189774,28.51655173,-59.61072082,66.08049455,2116.01563,3185.198318,5919.304071,2985.615148,-0.484497235
P6,F,c,a,Alveolar,cayao,0.281890776,0.472127966,2.302329958,14.29611319,-66.2423859,67.76748883,1917.794039,2995.998903,2873.965521,2441.986631,0.817532592
P6,F,sh,a,humped,shafa,0.185535292,0.43884277,1.980228456,35.8130366,-40.61629216,54.15031652,2530.409038,3162.952814,5154.909745,2309.890141,-0.427461544
P6,F,zh,u,humped,zhurou,0.39288968,0.513701823,2.124836008,8.530446641,-63.06506984,63.63938681,2231.730989,2912.537281,3931.273916,2883.099973,0.271011029
P6,F,zh,i,humped,zhidao,0.33203992,0.39308231,2.457727172,27.07005761,-55.56367219,61.80703589,2624.73665,3406.633993,4497.266804,2294.809267,-0.038631272
P6,F,z,u,Alveolar,zufang,0.301749875,0.544698627,2.216310116,5.129955714,-67.27353448,67.46884383,2105.538318,3215.08532,5113.003628,3052.483863,-0.297098321
P6,F,c,u,Alveolar,cuxin,0.366834318,0.554628184,2.870352999,23.14304291,-59.73134457,64.05805148,1850.745387,3068.605506,3792.004532,2672.759527,0.363319938
P6,F,s,u,Alveolar,suxing,0.295076478,0.538402266,2.270910615,4.341222423,-66.58866765,66.73002975,2165.074919,3359.010673,5026.301459,2702.618668,-0.455607196
P7,M,sh,u,humped,shuben,0.313491031,0.645087483,2.169315425,8.454277038,-60.76148145,61.34682085,2191.543799,3305.989371,4715.761307,2058.386059,-0.079300586
P7,M,ch,u,humped,churu,0.367857807,0.551702958,2.193967091,18.88134395,-59.7952847,62.70551189,1918.536926,3186.44543,3539.216937,2170.450455,0.422558271
P7,M,z,a,Alveolar,zadao,0.295247606,0.58508317,2.064371984,13.33823231,-62.48868744,63.89635748,2163.8895,3213.825996,4838.373565,3362.817102,-0.090484728
P7,M,s,i,Alveolar,siji,0.297655854,0.522819651,1.564196855,24.88478418,-59.59135443,64.57849492,2087.831027,3248.706783,5481.244626,2719.941972,-0.457091091
P7,M,ch,i,humped,chifan,0.274774888,0.585293151,2.011294131,33.11309501,-51.80315559,61.48206234,2155.73598,3340.266944,4318.563814,2251.551283,0.203623303
P7,M,c,i,Alveolar,ciya,0.360593085,0.51529971,1.892786453,5.831700893,-65.06230428,65.32313658,2032.783462,3285.281771,5734.027417,2312.691005,-0.495724144
P7,M,sh,i,humped,shibai,0.294520627,0.497320628,2.313784282,19.36732833,-62.55955566,65.48886478,2261.345108,3356.718632,4408.130262,2098.604883,0.388128727
P7,M,z,i,Alveolar,ziben,0.289738913,0.63474054,1.999099369,19.68562248,-58.77709205,61.9860491,2190.489495,3289.037216,6062.488005,2999.089122,-0.505510879
P7,M,zh,a,humped,zhadui,NA,NA,2.165097286,34.631268,-52.18919676,62.63415188,2652.382199,3736.289017,4898.149953,2082.408614,0.365739523
P7,M,ch,a,humped,chaqu,0.292192445,0.594593631,1.897805749,19.7182861,-61.53846083,64.6203758,1870.977845,3038.488536,2913.155801,2508.97966,1.000468246
P7,M,s,a,Alveolar,sahuang,0.232407779,0.652422663,2.841215195,-6.556129212,-60.41679859,60.77147672,1764.63568,2925.826422,6239.210946,2857.74619,-0.889864535
P7,M,c,a,Alveolar,cayao,0.340577809,0.595474931,2.76115623,3.360041608,-64.328657,64.41634879,1871.336313,3129.604223,3040.394352,2662.14866,0.721223868
P7,M,sh,a,humped,shafa,0.299650305,0.523454346,2.136018191,25.64481181,-59.46491285,64.75903206,2409.978632,3237.216701,4537.879183,2384.803755,0.386231766
P7,M,zh,u,humped,zhurou,0.374538319,0.575669659,2.562977076,14.5761834,-61.81925618,63.51445156,2043.065626,3116.419793,3103.467337,2707.516021,0.48713763
P7,M,zh,i,humped,zhidao,0.330869273,0.490496647,1.887441954,28.95597884,-54.09376742,61.35620902,2700.191506,3597.814184,4971.640208,2556.479924,-0.079634201
P7,M,z,u,Alveolar,zufang,0.359138518,0.668857211,2.953204868,-7.189510858,-64.90911227,65.30606344,2352.695363,3569.958483,5490.153058,3204.962071,-0.130436093
P7,M,c,u,Alveolar,cuxin,0.41562706,0.67101659,2.733009408,-15.36595874,-56.10866841,58.1746969,2371.318071,3689.076697,4455.536097,3063.268059,0.056301452
P7,M,s,u,Alveolar,suxing,0.38716595,0.707564506,2.618083165,-6.422080917,-54.17537028,54.55468695,2372.181012,3501.925058,5859.437406,2864.673507,-0.544573773
P8,F,sh,u,humped,shuben,0.291831941,0.476981158,1.907163861,25.91002111,-54.79133595,60.60874267,2472.085259,3387.263019,4475.746504,2420.070322,0.008011821
P8,F,ch,u,humped,churu,0.336293132,0.449723493,1.942239478,16.78582486,-62.19054485,64.41605223,2033.906074,3054.9061,3864.570635,2837.105427,0.306477675
P8,F,z,a,Alveolar,zadao,0.288763611,0.5090014,1.802464718,8.327587913,-67.34114931,67.85410165,1839.191788,3052.896668,4813.180033,3469.063814,-0.073740121
P8,F,s,i,Alveolar,siji,0.298989148,0.560033889,2.141403504,1.967410747,-67.55441264,67.58305537,2224.556083,3285.632364,6600.234388,3159.896604,-0.985758766
P8,F,ch,i,humped,chifan,0.298116262,0.425167764,1.816669301,32.82068445,-47.44500405,57.69077689,2478.33995,3336.882289,3961.931799,2544.192682,0.283789368
P8,F,c,i,Alveolar,ciya,0.288775684,0.482519928,1.615363318,24.12167068,-60.21222024,64.86421558,2135.644103,3152.092141,5099.580031,3464.951496,-0.106207511
P8,F,sh,i,humped,shibai,0.267500477,0.36315333,1.721908978,31.99340367,-52.78176035,61.72108314,2792.416455,3391.75245,4163.664183,2356.353656,0.300198772
P8,F,z,i,Alveolar,ziben,0.303637454,0.600922428,2.077575967,2.194935202,-67.15648217,67.19234211,2218.715081,3191.952752,5038.536307,3627.783515,-0.199253625
P8,F,zh,a,humped,zhadui,0.288418541,0.390467069,1.863660383,32.26034482,-48.15504791,57.96238856,2294.86616,2994.351613,3767.286925,2589.612305,0.564127961
P8,F,ch,a,humped,chaqu,0.298617877,0.350515851,2.470284085,28.86167751,-53.14252995,60.47416737,2089.580015,2803.581175,2301.005109,1845.424633,1.865227918
P8,F,s,a,Alveolar,sahuang,0.275667593,0.593698199,1.945024705,2.111728843,-67.98624636,68.01903478,2329.996324,3451.834544,6156.878457,3308.827747,-0.709649794
P8,F,c,a,Alveolar,cayao,0.270913796,0.420851895,1.770353795,25.1903721,-60.68921906,65.70948301,2026.165858,3042.212461,2581.827875,2614.155089,1.087155432
P8,F,sh,a,humped,shafa,0.308438375,0.408118027,1.797051719,21.65504971,-60.21525131,63.99076237,2646.59489,3255.69034,4795.564858,2489.535727,0.252179892
P8,F,zh,u,humped,zhurou,0.309514499,0.423814038,1.918525711,26.91821342,-55.72802873,61.88863708,2144.622916,3207.624815,4170.185387,2709.771279,-0.071800629
P8,F,zh,i,humped,zhidao,0.346933367,0.414889299,1.924463078,21.44339284,-58.64939207,62.44653943,2540.924185,3176.860479,3947.297918,2275.336241,0.531405234
P8,F,z,u,Alveolar,zufang,0.354066588,0.602846859,2.209482457,-7.348718917,-63.61754023,64.04057382,2028.555984,3146.920464,3436.14307,2962.489347,0.624265003
P8,F,c,u,Alveolar,cuxin,0.30362637,0.511781648,1.82505044,8.861726792,-66.80425996,67.38946023,1840.096578,2878.25754,3991.678563,2946.675242,0.196698222
P8,F,s,u,Alveolar,suxing,0.280728643,0.595152833,1.898063398,3.958045242,-68.14526103,68.26011077,2008.123058,3026.835405,5277.551994,2989.364415,-0.41097549
P9,F,sh,u,bunched,shuben,0.241182965,0.329329761,3.508461244,18.53329776,-42.41374028,46.28615873,2357.076547,3462.569818,4902.261788,2629.352613,-0.634482125
P9,F,ch,u,humped,churu,0.339194268,0.454567995,2.692303818,19.01740065,-60.77169112,63.67778239,1841.652238,3085.799077,4175.997257,2882.445715,0.031671781
P9,F,z,a,Alveolar,zadao,0.292662623,0.641398372,3.22462998,-6.297128661,-31.63238021,32.25308214,2161.649482,3298.72683,4082.548248,3456.385899,0.288777961
P9,F,s,i,Alveolar,siji,0.328306061,0.697286665,2.51370741,-13.67870625,-55.61682601,57.27423802,1982.638157,3084.772092,5867.800236,3557.910516,-0.541734335
P9,F,ch,i,bunched,chifan,0.286027335,0.363155901,2.865082813,33.61282145,-53.24122238,62.96387477,2440.089113,3585.2196,4316.849069,2600.635644,-0.184607505
P9,F,c,i,Alveolar,ciya,0.302171676,0.633747174,2.557649095,-9.470780225,-66.32602067,66.9987813,1981.073387,3075.862841,6024.129429,3288.702312,-0.672275606
P9,F,sh,i,bunched,shibai,0.249066512,0.314777401,2.901787573,23.38270462,-37.32931025,44.04802241,2407.810977,3650.898072,4042.676783,2391.473318,-0.08161384
P9,F,z,i,Alveolar,ziben,0.317326408,0.617075018,2.628224012,-3.537097778,-66.78108935,66.87469593,2001.457813,3012.138925,4695.597632,3660.956863,-0.007829043
P9,F,zh,a,humped,zhadui,0.256778686,0.652713709,2.933670383,13.22256729,-47.56389113,49.36760096,2134.952167,2884.738867,3994.478227,2755.900331,0.146453786
P9,F,ch,a,bunched,chaqu,0.211597021,0.327169463,2.874127221,16.27373849,-40.07209737,43.25052084,2150.757627,2637.57197,3553.399766,2494.840221,0.423974133
P9,F,s,a,Alveolar,sahuang,0.320902783,0.632674342,2.848910952,-7.116314156,-47.21941447,47.75264422,1866.908744,3112.334126,5990.981157,3609.701795,-0.564854358
P9,F,c,a,Alveolar,cayao,0.285129996,0.605856788,2.750882019,-8.527395566,-51.10110246,51.8077132,2005.683075,3079.655742,3380.302233,3079.320621,0.576216267
P9,F,sh,a,humped,shafa,0.268763652,0.550630576,1.958407549,16.3402357,-66.92487696,68.89080097,2394.077552,3441.403002,4266.524275,2352.997284,0.108996195
P9,F,zh,u,humped,zhurou,0.331972583,0.418036241,2.124264012,18.29352353,-61.85063188,64.49925323,1984.514694,2923.658743,4625.647852,2767.478264,-0.261000189
P9,F,zh,i,humped,zhidao,0.337348966,0.527346439,1.849568305,15.50940579,-63.57773831,65.44211547,2195.187365,3953.182233,4964.72844,2606.51779,-0.126125591
P9,F,z,u,Alveolar,zufang,0.327146387,0.644915443,2.43162847,-5.428366357,-57.77304755,58.02751231,2069.642322,3454.386563,4644.591766,3435.597357,0.147617119
P9,F,c,u,Alveolar,cuxin,0.327398167,0.673955218,2.893230526,-16.68194749,-54.53895251,57.03318957,2010.387031,3313.706526,5595.362942,3440.72425,-0.290080708
P9,F,s,u,Alveolar,suxing,0.362708769,0.668947565,2.007953655,-1.209679766,-64.71269727,64.7240026,2083.56174,3506.301106,5926.868189,3242.081471,-0.679316363
P10,F,sh,u,humped,shuben,0.344032208,0.510478799,2.07788027,29.61391378,-53.19744313,60.8847423,2300.852233,3195.334189,4274.788996,2481.819268,-0.049614526
P10,F,ch,u,humped,churu,0.413572586,0.46564475,2.057817133,11.90850887,-60.83806171,61.99259905,1923.749624,3038.851785,3831.584225,2474.624128,-0.025549051
P10,F,z,a,Alveolar,zadao,0.241644572,0.652784464,1.530766184,15.60878702,-68.16183896,69.9261791,1986.165898,3126.201603,5296.830307,2710.015885,-0.035998801
P10,F,s,i,Alveolar,siji,0.261253058,0.533033672,1.510175858,8.909835119,-68.2879716,68.86677157,2484.397683,3544.025582,6937.576093,2361.879259,-0.975024363
P10,F,ch,i,humped,chifan,0.310214657,0.45846764,1.813369895,30.30636108,-51.23325242,59.5258068,2577.245594,3498.787572,5118.124502,2736.880074,-0.221773631
P10,F,c,i,Alveolar,ciya,0.24783702,0.510459656,1.98901552,30.60565537,-58.38166494,65.91756171,2350.187484,3435.555764,5769.183764,3323.957592,-0.507178413
P10,F,sh,i,humped,shibai,0.334198439,0.486152818,2.311367338,21.9240924,-58.57805835,62.54642074,2317.556627,2948.460303,5031.141614,2520.598016,0.143323052
P10,F,z,i,Alveolar,ziben,0.339467541,0.669337291,2.046245007,5.134399271,-65.60536229,65.80596946,2180.401833,3372.402163,5478.958641,3402.185404,-0.403348815
P10,F,zh,a,humped,zhadui,0.317422981,0.416035805,2.176146203,21.50989585,-59.09334123,62.88639437,2296.217534,3213.598766,6182.316162,2180.000672,-0.59852327
P10,F,ch,a,humped,chaqu,0.320977741,0.414433082,1.989298347,26.83401817,-55.82792383,61.94208271,2100.759142,2768.459612,2995.306505,2596.431329,1.029578298
P10,F,s,a,Alveolar,sahuang,0.254006311,0.544607102,1.750288928,15.22151358,-67.55699775,69.25057704,2109.847526,3184.009658,6950.496411,2985.033993,-1.049942005
P10,F,c,a,Alveolar,cayao,0.249533041,0.597027241,2.198332744,-8.04746349,-68.87763518,69.34616282,2081.52861,3182.084859,3842.217754,3207.101772,0.44214399
P10,F,sh,a,humped,shafa,0.331438789,0.449922437,2.577694761,21.74723598,-59.18237756,63.05153517,2389.459014,3119.189353,6065.439649,2718.497986,-0.374893527
P10,F,zh,u,humped,zhurou,0.44911969,0.49679145,2.290327569,10.06954873,-59.60354818,60.44814941,1981.995503,3196.692379,3314.184622,2623.49681,0.735292319
P10,F,zh,i,humped,zhidao,0.415576761,0.43293536,2.231474873,20.90346606,-56.19941953,59.96106778,2405.598272,3190.096501,4461.817744,2910.083957,0.247753995
P10,F,z,u,Alveolar,zufang,0.307099952,0.602720956,1.94689633,4.545591534,-66.93027798,67.08445806,2288.400136,3522.166623,5831.765847,3217.563283,-0.305503796
P10,F,c,u,Alveolar,cuxin,0.276104725,0.603472189,2.00603361,16.6595051,-66.47561365,68.53135283,2282.980807,3644.49365,4625.149599,3470.120959,0.204254087
P10,F,s,u,Alveolar,suxing,0.34943166,0.526507777,2.080630635,3.017822442,-64.80747537,64.87770122,2142.816407,3318.101283,5849.825688,3255.497698,-0.220962668
P11,F,sh,u,humped,shuben,0.2888075,0.302310119,3.228929045,36.38082186,-38.99917791,53.33385489,2104.508289,3021.402121,3193.188311,2472.44123,1.038019297
P11,F,ch,u,humped,churu,0.309041257,0.245513997,2.480442151,33.27640978,-33.7261449,47.37902804,1857.856566,2958.246037,2937.401691,2453.595022,1.034276905
P11,F,z,a,Alveolar,zadao,0.272818258,0.372017752,2.389945326,32.4639331,-49.14525509,58.89960145,1859.051531,2785.119792,3921.701594,3408.670549,0.423754182
P11,F,s,i,Alveolar,siji,0.272549088,0.263968716,1.868228917,35.29345679,-39.33488228,52.84752649,2140.086488,3155.860306,6888.114694,2950.721401,-1.041721174
P11,F,ch,i,humped,chifan,0.208510022,0.260126179,4.065142098,30.08873634,-31.62923503,43.65478855,2412.769661,3202.252801,3426.419348,2084.424149,0.928343053
P11,F,c,i,Alveolar,ciya,0.223757677,0.254763635,2.653608267,40.13868322,-39.38322272,56.2330163,2000.312425,3246.616604,6599.813946,2956.731863,-0.91898244
P11,F,sh,i,humped,shibai,0.23406509,0.206813205,3.825493046,39.50807088,-35.31622229,52.99172786,2354.67711,3175.60676,3381.813108,2161.46572,0.898636824
P11,F,z,i,Alveolar,ziben,0.290096447,0.298148415,2.146034263,33.62870189,-43.81391436,55.2317724,1880.256732,3083.518021,7024.672545,2998.977454,-1.038807027
P11,F,zh,a,humped,zhadui,0.247007852,0.242466476,3.723502402,39.27633996,-36.11612808,53.35733865,2171.579303,2709.982716,2109.826559,1898.78133,1.650964032
P11,F,ch,a,bunched,chaqu,0.22831069,0.279386379,3.597829636,26.73710386,-22.52412283,34.96010344,1842.050404,2529.086051,2271.090039,1657.69523,1.563551914
P11,F,s,a,Alveolar,sahuang,0.306346058,0.319062543,2.297320238,33.61835805,-46.97371769,57.76438481,2004.453272,3259.152652,6820.383503,3091.892454,-0.950389587
P11,F,c,a,Alveolar,cayao,0.233528001,0.421948706,2.083421797,34.01911079,-49.02218063,59.66970833,1803.799505,3179.692647,2670.918156,2854.884263,1.07633215
P11,F,sh,a,humped,shafa,0.253715323,0.307947139,3.372510564,37.62277077,-46.87116453,60.10306935,2194.799336,3018.383795,3295.010295,2059.604678,0.864134581
P11,F,zh,u,humped,zhurou,0.219563194,0.26889729,3.060800772,36.26890002,-23.7406034,43.34800293,2102.218237,3019.841719,3300.857967,2627.545248,0.683531105
P11,F,zh,i,humped,zhidao,0.268075043,0.267281805,3.549099169,35.3777311,-39.7056201,53.18007264,2345.179623,3054.13964,3308.843252,2169.271784,0.925618049
P11,F,z,u,Alveolar,zufang,0.310540165,0.354421142,1.921951948,28.00248113,-52.17154945,59.21156578,2227.690153,3134.399732,4526.082244,3319.381927,0.294362686
P11,F,c,u,Alveolar,cuxin,0.238414475,0.377705438,2.569706444,31.70116933,-50.51127604,59.63516701,2072.189134,3588.096574,5704.750193,2800.754014,-0.324191756
P11,F,s,u,Alveolar,suxing,0.299581195,0.432424115,2.265164264,31.04054712,-51.44053822,60.08031739,2009.59193,3660.797718,5301.879546,2546.935412,-0.317923486
P12,F,sh,u,humped,shuben,0.254994468,0.319552666,2.349522462,34.15439629,-46.1137399,57.38466514,2261.735016,3505.597951,4080.244144,2306.43229,0.383803565
P12,F,ch,u,humped,churu,0.39372924,0.288152422,3.006579333,29.90796949,-41.09073383,50.82258401,1857.043296,3043.635443,3203.995668,2661.01516,0.908282261
P12,F,z,a,Alveolar,zadao,0.166123434,0.373810793,1.519252292,38.07791433,-16.36852492,41.44702845,2042.977059,2998.970549,4553.641487,3459.149257,0.133447854
P12,F,s,i,Alveolar,siji,0.229891696,0.55175124,2.181578264,32.02618937,-32.10579398,45.34819525,2102.796727,3116.933032,5491.216683,3329.225343,-0.525654529
P12,F,ch,i,retroflex,chifan,,,,,,,2196.791035,3394.097487,3637.507067,2208.205864,0.719375192
P12,F,c,i,Alveolar,ciya,0.213238334,0.629833025,2.964540323,19.74511194,-32.76781861,38.25701742,1865.889059,2736.261947,6328.734781,3260.931403,-0.725270054
P12,F,sh,i,humped,shibai,0.259469849,0.291760442,2.522196791,34.62869746,-40.28134722,53.11999267,2286.78523,3575.094327,3974.125908,2128.533447,0.710939567
P12,F,z,i,Alveolar,ziben,0.206107434,0.491936099,2.158746157,14.99897347,-44.24524083,46.71841758,1955.612856,3153.839985,5559.778018,3297.366597,-0.39212169
P12,F,zh,a,humped,zhadui,0.15721716,0.327334046,2.181792822,35.50735278,-20.56269165,41.03165107,2138.502019,2722.720419,2725.853504,2192.153522,1.159161317
P12,F,ch,a,humped,chaqu,0.204147655,0.266045891,2.66556834,34.34649011,-25.28489478,42.64982165,2158.017498,2877.553638,3240.739238,2280.052125,0.863003081
P12,F,s,a,Alveolar,sahuang,0.222300663,0.518250817,1.913679924,37.49123166,-43.6789062,57.56248169,2069.557354,3003.606452,5938.13086,3554.84283,-0.492936532
P12,F,c,a,Alveolar,cayao,0.167306841,0.398758717,1.726476334,32.43828047,-29.49566131,43.84331278,2014.714021,2976.455275,4572.569682,3206.388437,0.100564283
P12,F,sh,a,bunched,shafa,0.216120974,0.254891194,2.419160358,35.66362791,-14.75652848,38.59597763,2604.742343,3281.665227,4218.980883,2540.566508,0.30610344
P12,F,zh,u,humped,zhurou,0.243309472,0.340375692,1.819297041,36.05024625,-27.51024597,45.34792044,1859.044702,3032.401349,3172.096159,2845.357523,0.85008672
P12,F,zh,i,humped,zhidao,0.200053447,0.34566605,2.226818136,34.91628751,-16.3054892,38.53590678,2091.580813,2745.486162,2818.816724,2365.939874,1.139212308
P12,F,z,u,Alveolar,zufang,0.254159025,0.557578009,2.706723857,4.448403324,-62.73119283,62.88871796,1941.231269,3041.217101,5292.186214,3168.880405,-0.293147961
P12,F,c,u,Alveolar,cuxin,0.288025717,0.534462906,2.14225713,30.08632768,-46.11339246,55.0602586,2038.310675,3095.720258,5354.780203,3222.368154,-0.282093486
P12,F,s,u,Alveolar,suxing,0.28979714,0.578016356,2.088203352,14.4265158,-66.01622306,67.57415235,2052.146849,3332.028729,6239.01149,2916.365067,-0.791982296
P13,F,sh,u,humped,shuben,0.289290514,0.586582719,1.947426689,-1.60275515,-67.0020094,67.02117641,2260.879647,3272.29921,4551.92633,2282.184607,-0.013910801
P13,F,ch,u,humped,churu,0.38501117,0.459404819,3.196514742,9.419547468,-62.34761022,63.05515344,2430.203368,3317.802666,4516.686279,2390.171509,-0.17790621
P13,F,z,a,Alveolar,zadao,0.254411212,0.570140262,3.022861183,4.930710588,-57.14448495,57.3568136,2065.090284,2980.136884,6823.739084,2827.916383,-1.013567652
P13,F,s,i,Alveolar,siji,0.303560764,0.645824415,2.542906585,10.73874721,-66.633553,67.49334099,2313.207469,3297.043836,6691.543763,3009.40008,-1.014091558
P13,F,ch,i,humped,chifan,0.308233638,0.415817079,2.673694652,28.30627194,-56.66107211,63.33815694,2368.805864,3091.348947,4095.171819,2251.695855,0.514387909
P13,F,c,i,Alveolar,ciya,0.283801053,0.692155148,2.963463338,-1.461368615,-17.40027521,17.46153417,2180.64287,3190.237349,6650.6665,2621.550503,-1.142279959
P13,F,sh,i,humped,shibai,0.289921201,0.48445865,2.10905877,31.43557774,-50.78823251,59.72972551,2440.575214,3173.529862,4444.896379,2415.600228,0.118164279
P13,F,z,i,Alveolar,ziben,0.305298591,0.628657001,2.352162814,16.44361722,-65.26390257,67.3035625,1955.062875,3172.581961,5856.842166,3007.457026,-0.678172237
P13,F,zh,a,humped,zhadui,0.280481227,0.424448974,2.548806999,28.21024197,-56.6004177,63.24100755,2499.849942,3075.132338,4301.864128,2171.910145,0.130837352
P13,F,ch,a,humped,chaqu,0.299304802,0.500452764,3.107050142,8.522519859,-65.79361255,66.34329505,2170.971757,2801.463471,3041.483618,2198.201591,0.976012572
P13,F,s,a,Alveolar,sahuang,0.321764733,0.664588166,2.681077865,-6.796165675,-50.12912613,50.58771742,1978.210976,3121.377545,5719.667759,3347.027868,-0.604658452
P13,F,c,a,Alveolar,cayao,0.301119556,0.556951992,3.126892887,-1.580302776,-56.01435587,56.03664355,1911.681414,3101.04232,3976.837625,2913.135212,0.319963396
P13,F,sh,a,humped,shafa,0.241656604,0.461425474,2.207973492,31.03054407,-52.75911479,61.20799669,2649.168767,3129.891475,4553.074595,2428.624787,0.0828152
P13,F,zh,u,humped,zhurou,0.387337698,0.608326724,2.450138978,-1.642488288,-63.65530359,63.6764905,2012.791463,2987.768703,5149.161548,2139.370535,-0.619963901
P13,F,zh,i,humped,zhidao,0.341216231,0.404507143,2.719212996,26.15320329,-55.31041346,61.18195714,2544.491175,3480.053842,4381.586013,2177.414233,0.263881953
P13,F,z,u,Alveolar,zufang,0.35776853,0.668249151,2.060287518,1.471522318,-64.47494249,64.4917327,2145.351329,3478.323182,5296.081939,3204.04771,-0.219042409
P13,F,c,u,Alveolar,cuxin,0.42984236,0.60264327,3.192221901,-10.07271196,-59.94709342,60.78744554,2010.854394,3295.058846,5794.51619,2841.383565,-0.44880933
P13,F,s,u,Alveolar,suxing,0.342458808,0.575297901,2.296450827,4.999090305,-65.46378971,65.65438803,1845.477763,3264.63535,5977.203308,2601.784107,-0.725922728
P14,F,sh,u,humped,shuben,0.455982706,0.456239398,2.857923482,20.99678522,-54.79502877,58.68015139,2258.394545,3271.879361,4671.026333,2194.891478,-0.132174055
P14,F,ch,u,humped,churu,0.533693876,0.437472237,3.338566533,10.06292825,-57.34707702,58.22327514,1855.257281,3056.181938,4281.39633,2572.158166,-0.019513311
P14,F,z,a,Alveolar,zadao,0.202414587,0.418614388,2.58709213,26.91422895,-50.70793561,57.40793023,2026.924779,3360.716011,6134.651294,3213.62259,-0.719525532
P14,F,s,i,Alveolar,siji,0.311419962,0.555165557,2.652675722,7.946380129,-65.20505349,65.68747185,1981.89945,3075.138302,6936.91326,2844.506029,-1.10478016
P14,F,ch,i,humped,chifan,0.343076884,0.385904928,2.566079634,24.69824353,-55.46317587,60.71381318,2289.90788,2994.582651,3561.684298,2058.537533,1.160206905
P14,F,c,i,Alveolar,ciya,0.309423755,0.553036292,3.121570867,13.88363682,-62.02238291,63.55730763,1984.322635,3053.724456,6059.415781,3196.838383,-0.574060651
P14,F,sh,i,humped,shibai,0.333472564,0.356965959,2.230483779,29.03601615,-51.60527784,59.21313144,2217.526855,2881.029214,3460.181611,1932.812714,1.003881757
P14,F,z,i,Alveolar,ziben,0.318791464,0.606874335,2.709849933,-5.192014577,-64.54452405,64.75301229,1960.130481,3275.878717,6626.665228,2984.820707,-0.989504217
P14,F,zh,a,humped,zhadui,0.391358445,0.363762127,3.216224435,27.4827548,-50.9276931,57.86995538,2365.706498,3069.726203,3602.856831,2220.754357,0.763182617
P14,F,ch,a,humped,chaqu,0.35152943,0.391530033,2.480014713,21.38605623,-58.54129442,62.32532835,2058.168185,2769.547989,2321.586709,1930.903916,1.330967276
P14,F,s,a,Alveolar,sahuang,0.215349311,0.640069891,2.660679963,24.43155846,-58.75727069,63.63425106,2041.589577,3137.695062,6163.806218,2789.846931,-0.89171416
P14,F,c,a,Alveolar,cayao,0.288167315,0.506137486,2.923530433,16.28754678,-58.39250544,60.62152153,1894.625262,2914.270935,2066.192716,2780.207802,1.343514048
P14,F,sh,a,humped,shafa,0.348469594,0.402935867,2.284206221,22.09286148,-58.67841975,62.69969276,2212.30184,2836.325171,3599.101241,2208.60647,0.543060756
P14,F,zh,u,humped,zhurou,0.440379467,0.425835595,2.329718398,18.37564813,-57.4278475,60.29612022,2239.252437,3562.316328,3970.683813,2490.135736,0.11739763
P14,F,zh,i,humped,zhidao,0.406349588,0.360938911,2.513667557,26.09530685,-51.82580204,58.0248119,2370.041297,3350.193882,3468.67054,1936.363173,0.714592947
P14,F,z,u,Alveolar,zufang,0.345764234,0.624596512,2.434844463,-9.324909665,-61.18770855,61.89418081,1890.785692,3315.189968,4869.282138,3121.649133,-0.208518421
P14,F,c,u,Alveolar,cuxin,0.439957041,0.639446227,3.080579398,-2.711002877,-60.81662129,60.87701505,1821.632172,3114.046577,4094.49812,3002.821814,0.227253739
P14,F,s,u,Alveolar,suxing,0.422192451,0.56767415,2.848525622,6.708456912,-62.43688113,62.7962381,1926.358933,3412.46929,5360.866756,3110.014431,-0.546515869
P15,F,sh,u,bunched,shuben,0.232150699,0.347230053,4.304534105,20.7226463,-54.43115251,58.24241095,2289.926599,3395.444778,4390.970101,2440.594739,0.228045095
P15,F,ch,u,humped,churu,0.352346152,0.413368328,2.302441416,29.36933842,-49.71235272,57.73972681,2129.248512,3382.986451,4539.228935,2704.886952,-0.073486874
P15,F,z,a,Alveolar,zadao,0.241550589,0.615356778,2.531643123,35.05464826,-26.01196553,43.65146865,1772.919188,3096.763257,4439.048384,3400.035913,0.139581254
P15,F,s,i,Alveolar,siji,0.271491036,0.480081609,2.063952848,33.31326363,-52.34016227,62.04245418,2194.572744,3264.458539,6780.696572,2882.289512,-0.969199911
P15,F,ch,i,humped,chifan,0.299229586,0.397516237,2.145448614,30.68026364,-51.09002258,59.5942026,2365.640747,3514.595775,4217.668514,2311.564752,0.569205702
P15,F,c,i,Alveolar,ciya,0.262015388,0.638348557,2.693393537,30.20488884,-38.73281246,49.11787934,2129.051907,3379.868939,5914.549419,2944.059862,-0.480426122
P15,F,sh,i,humped,shibai,0.27293467,0.367273358,1.928349672,31.18638367,-53.17180114,61.64276895,2337.311945,3377.963311,4070.24707,2080.323202,0.495384754
P15,F,z,i,Alveolar,ziben,0.267027272,0.577586453,2.332024405,39.92096615,-35.61954751,53.50173552,1902.951733,3161.285501,4490.226573,3375.367779,0.099614196
P15,F,zh,a,bunched,zhadui,0.248430645,0.325219299,1.912925854,38.85969437,-42.9398283,57.91290617,2319.803611,3316.268709,3965.799734,2352.557942,0.448949369
P15,F,ch,a,humped,chaqu,0.278002644,0.369604054,1.882048225,30.6095685,-53.67532489,61.78985504,2211.295302,3017.26811,3332.133411,2186.688756,0.77013839
P15,F,s,a,Alveolar,sahuang,0.247110089,0.669141414,2.445205774,18.03893121,-32.70503912,37.35000164,2004.233854,3264.795971,6052.720708,3339.309288,-0.611772089
P15,F,c,a,Alveolar,cayao,0.279129748,0.642158237,2.534313078,41.72606311,-35.28401472,54.64454261,2009.723338,3254.677587,3527.729528,3120.914052,0.572970698
P15,F,sh,a,humped,shafa,0.240764755,0.316556772,1.498689861,37.76048868,-37.83833563,53.45646966,2350.58726,2944.737133,4890.722502,2523.200208,0.318274549
P15,F,zh,u,humped,zhurou,0.344963026,0.438539736,2.690044242,26.83122942,-53.83784027,60.15336996,2158.214678,3419.123666,4642.482733,2588.124896,-0.12376914
P15,F,zh,i,bunched,zhidao,0.287073533,0.267740041,3.122666095,30.3591238,-38.85746735,49.31104508,2561.459619,3519.00211,3825.77148,2217.278855,0.562003475
P15,F,z,u,Alveolar,zufang,0.340568796,0.513545008,3.39559992,6.700601709,-66.0112313,66.35043874,1881.297169,3432.737346,4857.483973,2805.063846,0.088664118
P15,F,c,u,Alveolar,cuxin,0.464318079,0.457051396,2.366451605,14.57059955,-58.43489268,60.2240737,1864.789312,3187.462268,4388.615755,2826.151416,0.164931449
P15,F,s,u,Alveolar,suxing,0.389234728,0.429804616,3.17664389,20.59935377,-57.50359737,61.08188837,1958.50465,3326.390804,6208.375631,2362.63383,-0.781828413
P16,F,sh,u,humped,shuben,0.418350875,0.47722537,2.537505513,17.40166893,-59.38628693,61.88335121,2140.927099,3256.656308,4762.780076,1992.968995,-0.302773151
P16,F,ch,u,humped,churu,0.322806347,0.42318477,2.433183641,27.45942283,-55.64979222,62.05577553,1951.107182,3310.283732,4452.224067,2073.395984,-0.310484273
P16,F,z,a,Alveolar,zadao,0.256679412,0.435334397,1.579771737,28.9257155,-52.31685815,59.78085533,1989.044124,3072.794667,5186.51732,3540.352589,-0.223347764
P16,F,s,i,Alveolar,siji,0.2597407,0.561912633,1.908932376,34.77936346,-52.87417649,63.28730254,2080.737267,3104.511028,6486.108891,3061.002149,-0.933694744
P16,F,ch,i,humped,chifan,0.288802702,0.490905558,2.194020482,29.45242869,-56.57998153,63.78667467,2703.439407,3747.557879,4643.0639,2140.809011,0.326604432
P16,F,c,i,Alveolar,ciya,0.301954872,0.581450605,2.28151501,30.27463594,-56.01352025,63.67156377,2086.050074,3069.960191,6271.277779,2979.910492,-0.707953135
P16,F,sh,i,humped,shibai,0.313058978,0.396065698,2.667768287,25.02702085,-59.81168412,64.83663571,2536.451246,3684.730651,4264.013102,2022.713806,0.393554835
P16,F,z,i,Alveolar,ziben,0.244011342,0.580287787,2.418577454,6.594253469,-64.17069434,64.50862106,1886.094793,2995.385342,6843.043772,3096.127828,-1.100908154
P16,F,zh,a,humped,zhadui,0.320015265,0.484908165,2.131674568,17.73925399,-61.61404616,64.11686062,2103.531524,3328.151294,3503.957624,2361.835024,0.363004732
P16,F,ch,a,humped,chaqu,0.317043433,0.520298227,2.046933551,20.02686671,-62.56557098,65.69266369,2222.634361,3175.51347,2885.813981,1845.260789,1.097549815
P16,F,s,a,Alveolar,sahuang,0.244385218,0.57996962,2.036276161,33.66318669,-51.69618909,61.69040529,1785.839741,2874.995506,6670.541987,2814.574528,-1.09773562
P16,F,c,a,Alveolar,cayao,0.331392799,0.566408379,2.605920739,4.721911746,-65.01465047,65.18589745,1909.873479,2906.940137,3492.742641,2870.415145,0.655866101
P16,F,sh,a,humped,shafa,0.300801346,0.516969061,2.647893544,15.85775003,-65.61200647,67.50113798,2451.428467,2966.455981,3931.718482,2148.266916,0.660012141
P16,F,zh,u,humped,zhurou,0.337957888,0.547334512,2.852461318,17.05165576,-60.64688685,62.99844323,2044.514322,3292.64396,4104.940204,2116.572515,-0.115589163
P16,F,zh,i,humped,zhidao,0.309142734,0.554384167,2.270872324,19.52478221,-61.81382702,64.82411844,2942.666707,3677.284599,4248.957608,2173.537815,0.059229702
P16,F,z,u,Alveolar,zufang,0.359380357,0.674040917,2.914173467,-13.82310494,-62.62849451,64.13584454,2129.870112,3342.637246,4804.534169,3191.572815,-0.01330072
P16,F,c,u,Alveolar,cuxin,0.403735343,0.603307841,3.037672325,-7.365723649,-61.21121393,61.65279065,2004.030851,3211.54792,4946.971729,3021.877027,0.028308775
P16,F,s,u,Alveolar,suxing,0.361655035,0.641687081,2.999390698,-13.08879428,-49.79218338,51.48376503,1971.369995,3217.999643,5579.523004,2809.148159,-0.51182349
P17,F,sh,u,humped,shuben,0.355303946,0.471796807,3.596246942,36.5955087,-32.88615261,49.20091757,2007.407125,3265.168167,3836.333607,2725.389937,0.538319122
P17,F,ch,u,humped,churu,0.303998801,0.437492174,2.41796607,34.8070942,-37.01695169,50.81130306,2000.060688,3278.175061,4468.932335,2629.446499,0.096167978
P17,F,z,a,Alveolar,zadao,0.221317882,0.428665925,1.656238038,34.31349893,-51.08988116,61.54341692,2371.246536,3503.529609,7041.927758,2534.262406,-1.271913169
P17,F,s,i,Alveolar,siji,0.257033191,0.426351785,1.906712297,22.95031961,-57.35740491,61.77854861,2038.777522,3125.653224,7096.32773,2608.490127,-1.474114811
P17,F,ch,i,humped,chifan,0.235923032,0.369191664,2.237760868,32.94503887,-15.8436449,36.55675956,2414.892424,3215.724981,4777.231003,2689.232782,0.298818095
P17,F,c,i,Alveolar,ciya,0.328244842,0.503036769,2.196205437,31.74135982,-50.46123652,59.6141788,2148.223328,3253.094419,7715.03588,2338.929544,-1.772895816
P17,F,sh,i,humped,shibai,0.233965683,0.458423286,2.528288848,28.6006637,-19.3465994,34.52953623,2527.231741,3277.772595,4592.452117,2456.803357,0.404016771
P17,F,z,i,Alveolar,ziben,0.367696347,0.315972414,3.466799104,34.38582962,-43.13323287,55.16213426,2023.258049,3195.317708,7532.467586,2316.094712,-1.721627291
P17,F,zh,a,humped,zhadui,0.183328008,0.360695621,2.074565789,28.0577637,-13.3513604,31.07244645,2202.460048,2894.794817,3877.350856,2669.701604,0.423670772
P17,F,ch,a,humped,chaqu,0.216333065,0.290129666,2.231614405,34.89819875,-22.52129419,41.53423851,2290.087435,2946.492324,4042.505402,2433.104811,0.57844114
P17,F,s,a,Alveolar,sahuang,0.264129975,0.473736862,2.168583144,30.49778976,-57.1953067,64.81834839,2151.7629,3309.366558,7323.377605,2134.825118,-1.910429583
P17,F,c,a,Alveolar,cayao,0.212378596,0.439440668,2.500789987,35.70668043,-50.9241785,62.19516848,2195.004796,3209.385924,6546.2812,2959.103413,-0.964973136
P17,F,sh,a,humped,shafa,0.207942053,0.36759196,2.641687003,34.91584422,-16.84239623,38.76573859,2501.138659,3363.04282,4650.709927,2352.949374,0.327767183
P17,F,zh,u,unclear,zhurou,NA,NA,NA,NA,NA,NA,NA,NA,NA,NA,NA
P17,F,zh,i,humped,zhidao,0.21133319,0.418355633,2.26155029,32.53413835,-17.78786627,37.079352,2431.528479,3205.234986,4767.668178,2312.421756,0.310814579
P17,F,z,u,Alveolar,zufang,0.2976606,0.390005909,2.663528984,33.47157687,-50.80754232,60.84203165,2262.490754,3584.904224,6178.581838,2627.129701,-0.700399068
P17,F,c,u,Alveolar,cuxin,0.269337496,0.431696778,2.161201147,39.61471785,-41.87674574,57.64536151,2173.719287,3510.919449,6025.253928,2338.24253,-0.464928226
P17,F,s,u,Alveolar,suxing,0.298331846,0.386784927,3.418141634,31.12617592,-45.98537219,55.52921108,2216.017916,3463.563187,6195.000604,2312.251067,-0.589540893
P18,F,sh,u,humped,shuben,0.269804797,0.464328277,1.791704223,27.03342097,-56.86117366,62.96029638,2153.17091,3001.881698,4331.703243,2449.956642,0.135175498
P18,F,ch,u,humped,churu,0.269910097,0.354130084,1.840885179,32.96334111,-49.16985401,59.19676005,2139.515821,3148.90037,4539.97785,2418.997709,-0.003004291
P18,F,z,a,Alveolar,zadao,0.313302543,0.444004961,2.559236573,16.47806536,-63.68854654,65.78569448,2033.074725,3134.052251,4984.505284,3208.547733,-0.076200735
P18,F,s,i,Alveolar,siji,0.307861125,0.419304491,1.856538652,33.06279989,-46.49042408,57.04829768,1921.444273,3126.261127,6961.860443,3029.243207,-1.045639392
P18,F,ch,i,humped,chifan,0.256690988,0.435484611,1.848710626,29.65273739,-54.24831271,61.82365459,2430.963928,3045.274321,4477.150572,2253.057857,0.372363435
P18,F,c,i,Alveolar,ciya,0.28207962,0.43019723,2.450140811,23.91910087,-59.00909292,63.67257207,2172.998718,3279.5625,5763.651119,3178.360218,-0.329809628
P18,F,sh,i,humped,shibai,0.290870045,0.400047198,1.863925098,28.6058271,-53.58592027,60.74326461,2581.720786,3633.281077,5090.868655,2135.112284,0.057363181
P18,F,z,i,Alveolar,ziben,0.339778095,0.480817259,2.105987266,17.02251521,-62.35619116,64.63791921,2074.62721,3251.233991,5925.791678,3234.679329,-0.45210014
P18,F,zh,a,humped,zhadui,0.263031889,0.347690955,1.799470072,35.22361001,-43.60507972,56.05448849,2482.491494,3259.623858,4366.461162,1961.906416,0.754665346
P18,F,ch,a,humped,chaqu,0.262810396,0.337660281,2.057070839,36.21609133,-43.01172548,56.22822957,2165.960756,2979.642204,2650.146999,1849.027259,1.324247776
P18,F,s,a,Alveolar,sahuang,0.281555341,0.443721496,2.289925582,26.41798715,-58.32119329,64.02555452,1941.116179,3035.563868,5745.041718,3169.401038,-0.465742382
P18,F,c,a,Alveolar,cayao,0.313681991,0.41036929,1.833410404,21.10114238,-60.35939204,63.94149214,2082.255585,3273.139259,4374.844873,3161.541771,0.094617846
P18,F,sh,a,humped,shafa,0.261153351,0.538067931,2.033729824,36.58815567,-41.60249975,55.40271763,2515.626974,3052.577692,5052.000711,2242.51894,0.086862582
P18,F,zh,u,humped,zhurou,0.27092373,0.408006736,2.331207001,30.77532422,-53.70226684,61.89550908,2441.023291,3339.714736,5045.550977,2126.845785,-0.625492979
P18,F,zh,i,humped,zhidao,0.285605456,0.44518214,1.876623868,34.57988355,-46.9820132,58.33590585,2467.616921,3614.263291,4955.755021,1774.603943,-0.059960736
P18,F,z,u,Alveolar,zufang,0.365963827,0.471466638,2.175867814,11.372328,-62.43937421,63.46656834,2392.189213,3340.919478,5550.148171,3082.477173,-0.300834268
P18,F,c,u,Alveolar,cuxin,0.337386942,0.444533535,1.961018511,22.01816071,-58.3157257,62.33396558,1900.770498,3141.525088,4315.468859,2694.843747,-0.009125839
P18,F,s,u,Alveolar,suxing,0.247044315,0.3089662,2.683566014,31.33502959,-55.00139706,63.30116711,1996.834406,3396.913036,5362.264682,2562.159638,-0.269259497
P19,M,sh,u,humped,shuben,0.284848967,0.482770738,2.127613664,12.43069555,-64.54082663,65.72701495,2348.267139,3505.671623,3775.298152,2529.99043,0.403303016
P19,M,ch,u,humped,churu,0.266052435,0.521959958,2.18604807,19.3746534,-63.92728704,66.79876662,2120.881982,3507.998209,2429.686565,2592.172132,1.215702416
P19,M,z,a,Alveolar,zadao,0.265628963,0.569068975,2.064368135,19.42903259,-65.12422262,67.96066273,2399.875844,3494.135326,3507.656515,3530.570239,0.377747823
P19,M,s,i,Alveolar,siji,0.238626136,0.537869286,2.142092302,13.60519757,-68.06560915,69.41202021,1917.514548,3080.662504,6218.577402,3488.665909,-0.772711952
P19,M,ch,i,humped,chifan,0.270628682,0.609018214,2.538112511,18.8442968,-64.62754196,67.31884359,2232.412673,3320.146663,3798.942404,2044.162713,0.230125487
P19,M,c,i,Alveolar,ciya,0.284081027,0.574013175,2.412554301,8.381468982,-66.02043671,66.55033498,2004.893246,3154.638989,4994.041009,3088.241016,-0.17529149
P19,M,sh,i,humped,shibai,0.227356295,0.467322404,1.693943538,32.90162373,-54.34201151,63.52614468,2802.404319,3604.476808,3591.571372,2232.702938,0.153844258
P19,M,z,i,Alveolar,ziben,0.232522106,0.497515595,2.026432717,31.7637618,-51.73943857,60.71166335,2381.917863,3591.675554,4177.811833,3785.567568,0.151617456
P19,M,zh,a,humped,zhadui,0.256122569,0.487495747,2.377421846,27.38054576,-50.40310903,57.35998332,2041.152928,3216.256281,2821.523386,2378.187564,0.7865885
P19,M,ch,a,humped,chaqu,0.254047641,0.552591563,1.93500787,21.57783346,-55.8433751,59.86723177,1922.878774,2891.341194,2861.537035,2088.577957,1.108946563
P19,M,s,a,Alveolar,sahuang,0.203900735,0.554920396,1.733919753,35.41637853,-55.21514748,65.59750284,1989.149537,3040.723626,5949.463172,2854.131829,-0.589736947
P19,M,c,a,Alveolar,cayao,0.250760438,0.555927345,2.144485973,23.86420826,-60.41619683,64.95858123,1760.784393,2813.891936,3323.830065,2754.89765,0.746977344
P19,M,sh,a,humped,shafa,0.240302061,0.546218129,1.852210938,40.84990358,-36.76787466,54.95990565,2263.119256,3361.710977,3821.388239,2128.247054,0.551311769
P19,M,zh,u,humped,zhurou,0.256077925,0.465376639,1.838991365,36.33007683,-48.23997377,60.39014449,2349.086123,3783.866646,2971.093105,2437.660646,0.826952422
P19,M,zh,i,humped,zhidao,0.273951966,0.36542316,2.123409743,31.69080464,-51.75028302,60.68277261,2141.806321,3196.73676,3823.406685,1936.059388,0.912204283
P19,M,z,u,Alveolar,zufang,0.251397237,0.466548724,2.054190452,23.63370169,-59.88374496,64.37868255,2245.480317,3023.880533,4418.594884,3020.057053,0.441609731
P19,M,c,u,Alveolar,cuxin,0.22303718,0.581775166,2.876197102,21.55329387,-57.89416561,61.77603814,2090.777025,3323.929428,4019.946964,2602.435452,0.482866887
P19,M,s,u,Alveolar,suxing,0.252867612,0.55184428,1.874237298,27.50399668,-62.07978295,67.89970018,2041.761371,3516.736716,5317.328021,3124.666143,-0.052596333